{
  "arch": [
    784,
    128,
    128,
    10
  ],
  "epochs": 2,
  "limit_train": 2000,
  "bp_acc": 0.3058,
  "floor_wdist": 0.0,
  "floor_agree": 1.0,
  "lr": {
    "eta_x": 0.05,
    "eta_w": 0.05,
    "bp": 0.05
  },
  "rows": [
    {
      "T": 5,
      "pc_acc": 0.2345,
      "wdist_pc_bp": 0.03329582927593341,
      "agree_pc_bp": 0.8173999786376953,
      "resid_E_T": 0.44175711274147034,
      "resid_E_eq": 0.28493842482566833,
      "settle_ratio": 1.550359917270536
    },
    {
      "T": 20,
      "pc_acc": 0.2675,
      "wdist_pc_bp": 0.02080787889038523,
      "agree_pc_bp": 0.4404999911785126,
      "resid_E_T": 0.38700249791145325,
      "resid_E_eq": 0.3428928852081299,
      "settle_ratio": 1.1286396265569085
    },
    {
      "T": 80,
      "pc_acc": 0.0983,
      "wdist_pc_bp": 0.13421435902516046,
      "agree_pc_bp": 0.09480000287294388,
      "resid_E_T": 2.7426795959472656,
      "resid_E_eq": 2.7375457286834717,
      "settle_ratio": 1.0018753539745475
    }
  ]
}