{
  "arch": [
    784,
    128,
    128,
    10
  ],
  "epochs": 3,
  "limit_train": 3000,
  "bp_acc": 0.4914,
  "floor_wdist": 0.0008919232544333985,
  "floor_agree": 0.9039000272750854,
  "lr": {
    "eta_x": 0.02,
    "eta_w": 0.02,
    "bp": 0.05
  },
  "rows": [
    {
      "T": 5,
      "pc_acc": 0.2094,
      "wdist_pc_bp": 0.038394761737436056,
      "agree_pc_bp": 0.5449000000953674,
      "resid_E_T": 0.5400769710540771,
      "resid_E_eq": 0.30414894223213196,
      "settle_ratio": 1.7756989950012878
    },
    {
      "T": 20,
      "pc_acc": 0.2445,
      "wdist_pc_bp": 0.02660552707190315,
      "agree_pc_bp": 0.6057999730110168,
      "resid_E_T": 0.3825099766254425,
      "resid_E_eq": 0.2727389931678772,
      "settle_ratio": 1.4024763096070985
    },
    {
      "T": 80,
      "pc_acc": 0.4033,
      "wdist_pc_bp": 0.012255766273786625,
      "agree_pc_bp": 0.8312000036239624,
      "resid_E_T": 0.22854267060756683,
      "resid_E_eq": 0.2179272174835205,
      "settle_ratio": 1.0487110019830375
    },
    {
      "T": 160,
      "pc_acc": 0.4281,
      "wdist_pc_bp": 0.011585522831107179,
      "agree_pc_bp": 0.8435999751091003,
      "resid_E_T": 0.22837045788764954,
      "resid_E_eq": 0.22712495923042297,
      "settle_ratio": 1.0054837595147679
    }
  ]
}