{
  "width": 64,
  "T": 20,
  "seeds": [
    0,
    1,
    2
  ],
  "by_depth": {
    "8": {
      "bp_acc": 0.6378,
      "gamma": {
        "1.0": {
          "mean": 0.21403333333333333,
          "std": 0.05787342510456188,
          "seeds": [
            0.1847,
            0.1767,
            0.2807
          ]
        },
        "1.15": {
          "mean": 0.24363333333333334,
          "std": 0.057519243156819555,
          "seeds": [
            0.2127,
            0.2082,
            0.31
          ]
        },
        "1.25": {
          "mean": 0.29266666666666663,
          "std": 0.05745174787013303,
          "seeds": [
            0.2628,
            0.2563,
            0.3589
          ]
        },
        "1.35": {
          "mean": 0.37590000000000007,
          "std": 0.052018458262428326,
          "seeds": [
            0.3551,
            0.3375,
            0.4351
          ]
        }
      }
    }
  },
  "mechanism_depth": 8,
  "profiles": {
    "1.0": {
      "profile": [
        0.0001521336380392313,
        0.0001969184522749856,
        0.0008260956965386868,
        0.0030087316408753395,
        0.008845721371471882,
        0.02183098904788494,
        0.0418991781771183,
        0.06590142846107483,
        0.09587988257408142
      ],
      "out_in_ratio": 630.2345962378281
    },
    "1.35": {
      "profile": [
        0.0041547734290361404,
        0.0015848417533561587,
        0.0026468157302588224,
        0.004590137861669064,
        0.008236344903707504,
        0.015351756475865841,
        0.027337275445461273,
        0.04869788885116577,
        0.09094054996967316
      ],
      "out_in_ratio": 21.88820918903443
    }
  }
}