{
  "kind": "alt_stability_probe",
  "eta_w": 0.3,
  "seeds": [
    0,
    1,
    2
  ],
  "baseline_etax0.05_T20": {
    "mean": 0.46825,
    "std": 0.14396
  },
  "bp_mse_at_etaw0.3": 0.5685,
  "grid": {
    "etax0.05_T20": {
      "mean": 0.44,
      "lo": 0.39225,
      "hi": 0.4877500000000001,
      "std": 0.138774322192544,
      "n": 3
    },
    "etax0.1_T20": {
      "mean": 0.4663333333333333,
      "lo": 0.38766666666666666,
      "hi": 0.545,
      "std": 0.14619878020466975,
      "n": 3
    },
    "etax0.2_T20": {
      "mean": 0.4615833333333333,
      "lo": 0.3934166666666667,
      "hi": 0.5297499999999999,
      "std": 0.14044067549443548,
      "n": 3
    },
    "etax0.05_T40": {
      "mean": 0.46825,
      "lo": 0.38999999999999996,
      "hi": 0.5465,
      "std": 0.14396158341724366,
      "n": 3
    },
    "etax0.1_T40": {
      "mean": 0.4194166666666666,
      "lo": 0.36125,
      "hi": 0.4775833333333333,
      "std": 0.15302804753813382,
      "n": 3
    },
    "etax0.2_T40": {
      "mean": 0.46091666666666664,
      "lo": 0.4068333333333333,
      "hi": 0.515,
      "std": 0.10105763619506114,
      "n": 3
    }
  },
  "best_mean": 0.46825,
  "h2_supported": false
}