{
  "kind": "alternating_song_exact_budget",
  "config": {
    "hidden": [
      32,
      32
    ],
    "activation": "sigmoid",
    "weight_init": "xavier",
    "T": 20,
    "eta_x": 0.05,
    "batch_size": 32,
    "limit_train": 5000,
    "tol": null,
    "eval_noise": false
  },
  "budgets": [
    84,
    250,
    800,
    2500
  ],
  "lr_grid": [
    0.05,
    0.1
  ],
  "swap_every": 4,
  "seeds": [
    0,
    1,
    2,
    3,
    4
  ],
  "arms_by_budget": {
    "84": {
      "PC": {
        "lr": 0.1,
        "mean_both": {
          "mean": 0.22504999999999997,
          "lo": 0.21150000000000002,
          "hi": 0.23755,
          "std": 0.030376491732917416,
          "n": 5,
          "seeds": [
            0.21575,
            0.2065,
            0.21975,
            0.205,
            0.27825
          ]
        },
        "min_both": {
          "mean": 0.21150000000000002,
          "lo": 0.1972,
          "hi": 0.2242,
          "std": 0.03130095845177908,
          "n": 5,
          "seeds": [
            0.1895,
            0.205,
            0.192,
            0.205,
            0.266
          ]
        },
        "learn": {
          "mean": 0.21482380952380953,
          "lo": 0.20361904761904764,
          "hi": 0.2260285714285714,
          "std": 0.02510088826788278,
          "n": 5,
          "seeds": [
            0.2209047619047619,
            0.23788095238095242,
            0.19697619047619047,
            0.18116666666666664,
            0.23719047619047617
          ]
        },
        "retain": {
          "mean": 0.21454761904761904,
          "lo": 0.2096238095238095,
          "hi": 0.21947142857142854,
          "std": 0.01217046348361047,
          "n": 5,
          "seeds": [
            0.2193571428571429,
            0.2234285714285714,
            0.20085714285714282,
            0.2022380952380952,
            0.2268571428571428
          ]
        }
      },
      "BP_MSE": {
        "lr": 0.1,
        "mean_both": {
          "mean": 0.26084999999999997,
          "lo": 0.2263,
          "hi": 0.29289999999999994,
          "std": 0.07712420988250059,
          "n": 5,
          "seeds": [
            0.21275,
            0.268,
            0.22699999999999998,
            0.20475,
            0.39175
          ]
        },
        "min_both": {
          "mean": 0.2391,
          "lo": 0.20220000000000002,
          "hi": 0.2727,
          "std": 0.08256164363673969,
          "n": 5,
          "seeds": [
            0.191,
            0.254,
            0.2075,
            0.1675,
            0.3755
          ]
        },
        "learn": {
          "mean": 0.2276095238095238,
          "lo": 0.2174142857142857,
          "hi": 0.2378047619047619,
          "std": 0.0251340205882327,
          "n": 5,
          "seeds": [
            0.24297619047619048,
            0.25457142857142856,
            0.20928571428571427,
            0.19392857142857142,
            0.23728571428571427
          ]
        },
        "retain": {
          "mean": 0.21682380952380953,
          "lo": 0.20454285714285714,
          "hi": 0.22910476190476192,
          "std": 0.029015221980470244,
          "n": 5,
          "seeds": [
            0.22247619047619047,
            0.254,
            0.1925952380952381,
            0.18309523809523812,
            0.23195238095238097
          ]
        }
      },
      "BP_CE": {
        "lr": 0.1,
        "mean_both": {
          "mean": 0.2993,
          "lo": 0.24775,
          "hi": 0.34809999999999997,
          "std": 0.12294655851222513,
          "n": 5,
          "seeds": [
            0.193,
            0.395,
            0.23575000000000002,
            0.2075,
            0.46525
          ]
        },
        "min_both": {
          "mean": 0.286,
          "lo": 0.23569999999999997,
          "hi": 0.3363,
          "std": 0.12017331234512929,
          "n": 5,
          "seeds": [
            0.192,
            0.369,
            0.2065,
            0.2055,
            0.457
          ]
        },
        "learn": {
          "mean": 0.2316095238095238,
          "lo": 0.2252047619047619,
          "hi": 0.23813333333333336,
          "std": 0.016531789276703908,
          "n": 5,
          "seeds": [
            0.23028571428571434,
            0.2531666666666667,
            0.24204761904761898,
            0.21140476190476193,
            0.22114285714285714
          ]
        },
        "retain": {
          "mean": 0.21835714285714283,
          "lo": 0.21296190476190477,
          "hi": 0.22375238095238092,
          "std": 0.012742733912849915,
          "n": 5,
          "seeds": [
            0.21095238095238095,
            0.23269047619047614,
            0.21354761904761907,
            0.20380952380952383,
            0.23078571428571423
          ]
        }
      }
    },
    "250": {
      "PC": {
        "lr": 0.1,
        "mean_both": {
          "mean": 0.2787,
          "lo": 0.24924999999999997,
          "hi": 0.30679999999999996,
          "std": 0.07252185015565998,
          "n": 5,
          "seeds": [
            0.2665,
            0.2105,
            0.29225,
            0.229,
            0.39525
          ]
        },
        "min_both": {
          "mean": 0.2571,
          "lo": 0.2266,
          "hi": 0.2853,
          "std": 0.07308419801844993,
          "n": 5,
          "seeds": [
            0.253,
            0.209,
            0.2485,
            0.195,
            0.38
          ]
        },
        "learn": {
          "mean": 0.2584142857142857,
          "lo": 0.2450904761904762,
          "hi": 0.2717380952380952,
          "std": 0.031656866546556466,
          "n": 5,
          "seeds": [
            0.2795238095238095,
            0.2669761904761905,
            0.22797619047619047,
            0.223,
            0.29459523809523813
          ]
        },
        "retain": {
          "mean": 0.24631428571428576,
          "lo": 0.23386190476190477,
          "hi": 0.25710476190476184,
          "std": 0.028034546027625562,
          "n": 5,
          "seeds": [
            0.24864285714285722,
            0.23938095238095233,
            0.22095238095238098,
            0.2296904761904762,
            0.2929047619047619
          ]
        }
      },
      "BP_MSE": {
        "lr": 0.1,
        "mean_both": {
          "mean": 0.3614,
          "lo": 0.3361,
          "hi": 0.3867,
          "std": 0.05923169548476558,
          "n": 5,
          "seeds": [
            0.28800000000000003,
            0.42975,
            0.33775,
            0.33699999999999997,
            0.4145
          ]
        },
        "min_both": {
          "mean": 0.3141,
          "lo": 0.2812,
          "hi": 0.34690000000000004,
          "std": 0.07653054945575655,
          "n": 5,
          "seeds": [
            0.2005,
            0.393,
            0.2875,
            0.3155,
            0.374
          ]
        },
        "learn": {
          "mean": 0.28974285714285714,
          "lo": 0.2772761904761905,
          "hi": 0.3022095238095238,
          "std": 0.030536386792928635,
          "n": 5,
          "seeds": [
            0.3012857142857143,
            0.321047619047619,
            0.2556904761904762,
            0.25871428571428573,
            0.31197619047619046
          ]
        },
        "retain": {
          "mean": 0.2895095238095238,
          "lo": 0.27968095238095236,
          "hi": 0.29933809523809524,
          "std": 0.02437314793242876,
          "n": 5,
          "seeds": [
            0.2969047619047619,
            0.2871190476190476,
            0.2768095238095238,
            0.2607619047619047,
            0.325952380952381
          ]
        }
      },
      "BP_CE": {
        "lr": 0.1,
        "mean_both": {
          "mean": 0.38764999999999994,
          "lo": 0.36565000000000003,
          "hi": 0.40809999999999996,
          "std": 0.05137594281373334,
          "n": 5,