{
  "kind": "alternating_song_exact",
  "config": {
    "hidden": [
      32,
      32
    ],
    "activation": "sigmoid",
    "weight_init": "xavier",
    "T": 40,
    "eta_x": 0.05,
    "batch_size": 32,
    "limit_train": 5000,
    "tol": null,
    "eval_noise": false
  },
  "lr_grid": [
    0.02,
    0.05,
    0.1,
    0.2,
    0.5
  ],
  "seeds": [
    0
  ],
  "total_iters": 24,
  "swap_every": 4,
  "arms": {
    "PC": {
      "curve": {
        "0.02": {
          "mean_both": {
            "mean": 0.2495,
            "lo": 0.2495,
            "hi": 0.2495,
            "std": 0.0,
            "n": 1,
            "seeds": [
              0.2495
            ]
          },
          "min_both": {
            "mean": 0.219,
            "lo": 0.219,
            "hi": 0.219,
            "std": 0.0,
            "n": 1,
            "seeds": [
              0.219
            ]
          },
          "learn": {
            "mean": 0.21716666666666665,
            "lo": 0.21716666666666665,
            "hi": 0.21716666666666665,
            "std": 0.0,
            "n": 1,
            "seeds": [
              0.21716666666666665
            ]
          },
          "retain": {
            "mean": 0.20325000000000001,
            "lo": 0.20325000000000001,
            "hi": 0.20325000000000001,
            "std": 0.0,
            "n": 1,
            "seeds": [
              0.20325000000000001
            ]
          }
        },
        "0.05": {
          "mean_both": {
            "mean": 0.2375,
            "lo": 0.2375,
            "hi": 0.2375,
            "std": 0.0,
            "n": 1,
            "seeds": [
              0.2375
            ]
          },
          "min_both": {
            "mean": 0.1865,
            "lo": 0.1865,
            "hi": 0.1865,
            "std": 0.0,
            "n": 1,
            "seeds": [
              0.1865
            ]
          },
          "learn": {
            "mean": 0.23975000000000002,
            "lo": 0.23975000000000002,
            "hi": 0.23975000000000002,
            "std": 0.0,
            "n": 1,
            "seeds": [
              0.23975000000000002
            ]
          },
          "retain": {
            "mean": 0.20074999999999998,
            "lo": 0.20074999999999998,
            "hi": 0.20074999999999998,
            "std": 0.0,
            "n": 1,
            "seeds": [
              0.20074999999999998
            ]
          }
        },
        "0.1": {
          "mean_both": {
            "mean": 0.1975,
            "lo": 0.1975,
            "hi": 0.1975,
            "std": 0.0,
            "n": 1,
            "seeds": [
              0.1975
            ]
          },
          "min_both": {
            "mean": 0.1875,
            "lo": 0.1875,
            "hi": 0.1875,
            "std": 0.0,
            "n": 1,
            "seeds": [
              0.1875
            ]
          },
          "learn": {
            "mean": 0.20516666666666664,
            "lo": 0.20516666666666664,
            "hi": 0.20516666666666664,
            "std": 0.0,
            "n": 1,
            "seeds": [
              0.20516666666666664
            ]
          },
          "retain": {
            "mean": 0.20350000000000001,
            "lo": 0.20350000000000001,
            "hi": 0.20350000000000001,
            "std": 0.0,
            "n": 1,
            "seeds": [
              0.20350000000000001
            ]
          }
        },
        "0.2": {
          "mean_both": {
            "mean": 0.19724999999999998,
            "lo": 0.19724999999999998,
            "hi": 0.19724999999999998,
            "std": 0.0,
            "n": 1,
            "seeds": [
              0.19724999999999998
            ]
          },
          "min_both": {
            "mean": 0.1875,
            "lo": 0.1875,
            "hi": 0.1875,
            "std": 0.0,
            "n": 1,
            "seeds": [
              0.1875
            ]
          },
          "learn": {
            "mean": 0.20041666666666666,
            "lo": 0.20041666666666666,
            "hi": 0.20041666666666666,
            "std": 0.0,
            "n": 1,
            "seeds": [
              0.20041666666666666
            ]
          },
          "retain": {
            "mean": 0.19575,
            "lo": 0.19575,
            "hi": 0.19575,
            "std": 0.0,
            "n": 1,
            "seeds": [
              0.19575
            ]
          }
        },
        "0.5": {
          "mean_both": {
            "mean": 0.19724999999999998,
            "lo": 0.19724999999999998,
            "hi": 0.19724999999999998,
            "std": 0.0,
            "n": 1,
            "seeds": [
              0.19724999999999998
            ]
          },
          "min_both": {
            "mean": 0.1875,
            "lo": 0.1875,
            "hi": 0.1875,
            "std": 0.0,
            "n": 1,
            "seeds": [
              0.1875
            ]
          },
          "learn": {
            "mean": 0.19991666666666666,
            "lo": 0.19991666666666666,
            "hi": 0.19991666666666666,
            "std": 0.0,
            "n": 1,
            "seeds": [
              0.19991666666666666
            ]
          },
          "retain": {
            "mean": 0.19633333333333333,
            "lo": 0.19633333333333333,
            "hi": 0.19633333333333333,
            "std": 0.0,
            "n": 1,
            "seeds": [
              0.19633333333333333
            ]
          }
        }
      },
      "best_lr": 0.02
    },
    "BP_MSE": {
      "curve": {
        "0.02": {
          "mean_both": {
            "mean": 0.19924999999999998,
            "lo": 0.19924999999999998,
            "hi": 0.19924999999999998,
            "std": 0.0,
            "n": 1,
            "seeds": [
              0.19924999999999998
            ]
          },
          "min_both": {
            "mean": 0.195,
            "lo": 0.195,
            "hi": 0.195,
            "std": 0.0,
            "n": 1,
            "seeds": [
              0.195
            ]
          },
          "learn": {
            "mean": 0.19733333333333333,
            "lo": 0.19733333333333333,
            "hi": 0.19733333333333333,
            "std": 0.0,
            "n": 1,
            "seeds": [
              0.19733333333333333
            ]
          },
          "retain": {
            "mean": 0.19458333333333333,
            "lo": 0.19458333333333333,
            "hi": 0.19458333333333333,
            "std": 0.0,
            "n": 1,
            "seeds": [
              0.19458333333333333
            ]
          }
        },
        "0.05": {
          "mean_both": {
            "mean": 0.24125000000000002,
            "lo": 0.24125000000000002,
            "hi": 0.24125000000000002,
            "std": 0.0,
            "n": 1,
            "seeds": [
              0.24125000000000002
            ]
          },
          "min_both": {
            "mean": 0.205,
            "lo": 0.205,
            "hi": 0.205,
            "std": 0.0,
            "n": 1,
            "seeds": [
              0.205
            ]
          },
          "learn": {
            "mean": 0.21775,
            "lo": 0.21775,
            "hi": 0.21775,
            "std": 0.0,
            "n": 1,
            "seeds": [
              0.21775
            ]
          },
          "retain": {
            "mean": 0.20099999999999998,
            "lo": 0.20099999999999998,
            "hi": 0.20099999999999998,
            "std": 0.0,
            "n": 1,
            "seeds": [
              0.20099999999999998
            ]
          }
        },
        "0.1": {
          "mean_both": {
            "mean": 0.23875,
            "lo": 0.23875,
            "hi": 0.23875,
            "std": 0.0,
            "n": 1,
            "seeds": [
              0.23875
            ]
          },
          "min_both": {
            "mean": 0.175,
            "lo": 0.175,
            "hi": 0.175,