{
  "kind": "alternating_song",
  "rounds": 12,
  "seeds": [
    0,
    1,
    2
  ],
  "lr_grid": [
    0.02,
    0.05,
    0.1,
    0.3
  ],
  "arms": {
    "PC": {
      "0.02": {
        "mean": 0.41991666666666666,
        "lo": 0.39266666666666666,
        "hi": 0.44716666666666666,
        "std": 0.051451635866445806,
        "n": 3
      },
      "0.05": {
        "mean": 0.5103333333333334,
        "lo": 0.4894166666666666,
        "hi": 0.53125,
        "std": 0.047328858356539015,
        "n": 3
      },
      "0.1": {
        "mean": 0.5520833333333334,
        "lo": 0.5296666666666666,
        "hi": 0.5745,
        "std": 0.04740406979715274,
        "n": 3
      },
      "0.3": {
        "mean": 0.46825,
        "lo": 0.38999999999999996,
        "hi": 0.5465,
        "std": 0.14396158341724366,
        "n": 3
      }
    },
    "BP_MSE": {
      "0.02": {
        "mean": 0.38083333333333336,
        "lo": 0.3665833333333333,
        "hi": 0.3950833333333333,
        "std": 0.03068217452093859,
        "n": 3
      },
      "0.05": {
        "mean": 0.46974999999999995,
        "lo": 0.4486666666666666,
        "hi": 0.4908333333333333,
        "std": 0.04219226824905246,
        "n": 3
      },
      "0.1": {
        "mean": 0.5088333333333334,
        "lo": 0.48875,
        "hi": 0.5289166666666667,
        "std": 0.04299152048175704,
        "n": 3
      },
      "0.3": {
        "mean": 0.5685,
        "lo": 0.5489166666666666,
        "hi": 0.5880833333333333,
        "std": 0.03907284862919516,
        "n": 3
      }
    },
    "BP_CE": {
      "0.02": {
        "mean": 0.46058333333333334,
        "lo": 0.44883333333333336,
        "hi": 0.4723333333333333,
        "std": 0.025586047630170094,
        "n": 3
      },
      "0.05": {
        "mean": 0.4828333333333333,
        "lo": 0.4679166666666666,
        "hi": 0.49774999999999997,
        "std": 0.03200032551917767,
        "n": 3
      },
      "0.1": {
        "mean": 0.49574999999999997,
        "lo": 0.484,
        "hi": 0.5075,
        "std": 0.02282679346732693,
        "n": 3
      },
      "0.3": {
        "mean": 0.592,
        "lo": 0.5789166666666666,
        "hi": 0.6050833333333334,
        "std": 0.025197966187770014,
        "n": 3
      }
    }
  },
  "pc_ge_bp_at_all_lr": false
}