{
  "kind": "compare3",
  "T": 40,
  "epochs": 8,
  "seeds": [
    0,
    1,
    2
  ],
  "limit_train": 10000,
  "val_split": 0.1,
  "duration_s": 645.1970930099487,
  "fair_gap_pc_mse_vs_bp_mse": 0.0040000000000000036,
  "loss_effect_bpce_minus_bpmse": 0.05923333333333325,
  "arms": {
    "PC": {
      "best": {
        "eta_x": 0.05,
        "eta_w": 0.05
      },
      "test_acc": {
        "mean": 0.8354333333333334,
        "lo": 0.8276,
        "hi": 0.8432666666666666,
        "std": 0.013744210902533919,
        "n": 3
      },
      "noise": {
        "0.0": {
          "mean": 0.8354333333333334,
          "lo": 0.8276,
          "hi": 0.8432666666666666,
          "std": 0.013744210902533919,
          "n": 3
        },
        "0.25": {
          "mean": 0.8230666666666666,
          "lo": 0.8155999999999999,
          "hi": 0.8305333333333333,
          "std": 0.014300116549641634,
          "n": 3
        },
        "0.5": {
          "mean": 0.7694333333333333,
          "lo": 0.7642333333333333,
          "hi": 0.7746333333333334,
          "std": 0.012536878931110962,
          "n": 3
        },
        "1.0": {
          "mean": 0.5259333333333334,
          "lo": 0.5216666666666666,
          "hi": 0.5302,
          "std": 0.00947435134103301,
          "n": 3
        }
      },
      "val_sweep": [
        {
          "params": {
            "eta_x": 0.05,
            "eta_w": 0.02
          },
          "val_acc": {
            "mean": 0.7763333333333332,
            "lo": 0.7663333333333333,
            "hi": 0.7863333333333333,
            "std": 0.021221058723196025,
            "n": 3
          }
        },
        {
          "params": {
            "eta_x": 0.05,
            "eta_w": 0.05
          },
          "val_acc": {
            "mean": 0.8306666666666667,
            "lo": 0.827,
            "hi": 0.8343333333333334,
            "std": 0.010503967504392496,
            "n": 3
          }
        },
        {
          "params": {
            "eta_x": 0.1,
            "eta_w": 0.02
          },
          "val_acc": {
            "mean": 0.7803333333333334,
            "lo": 0.77,
            "hi": 0.7906666666666666,
            "std": 0.01985782801147532,
            "n": 3
          }
        },
        {
          "params": {
            "eta_x": 0.1,
            "eta_w": 0.05
          },
          "val_acc": {
            "mean": 0.09700000000000002,
            "lo": 0.09700000000000002,
            "hi": 0.09700000000000002,
            "std": 1.6996749443881478e-17,
            "n": 3
          }
        }
      ],
      "steps2conv": {
        "mean": 45.333333333333336,
        "lo": 44.666666666666664,
        "hi": 46.0,
        "std": 1.1547005383792517,
        "n": 3
      }
    },
    "BP_MSE": {
      "best": {
        "eta_w": 0.1
      },
      "test_acc": {
        "mean": 0.8394333333333334,
        "lo": 0.8356333333333333,
        "hi": 0.8432333333333334,
        "std": 0.008927112261718953,
        "n": 3
      },
      "noise": {
        "0.0": {
          "mean": 0.8394333333333334,
          "lo": 0.8356333333333333,
          "hi": 0.8432333333333334,
          "std": 0.008927112261718953,
          "n": 3
        },
        "0.25": {
          "mean": 0.8317333333333332,
          "lo": 0.8273999999999999,
          "hi": 0.8360666666666666,
          "std": 0.00828573070605923,
          "n": 3
        },
        "0.5": {
          "mean": 0.7955666666666666,
          "lo": 0.7911333333333332,
          "hi": 0.7999999999999999,
          "std": 0.008113158036999704,
          "n": 3
        },
        "1.0": {
          "mean": 0.6043,
          "lo": 0.6031333333333334,
          "hi": 0.6054666666666666,
          "std": 0.002286919325205833,
          "n": 3
        }
      },
      "val_sweep": [
        {
          "params": {
            "eta_w": 0.05
          },
          "val_acc": {
            "mean": 0.7930000000000001,
            "lo": 0.7846666666666667,
            "hi": 0.8013333333333333,
            "std": 0.016822603841260737,
            "n": 3
          }
        },
        {
          "params": {
            "eta_w": 0.1
          },
          "val_acc": {
            "mean": 0.8363333333333333,
            "lo": 0.8323333333333333,
            "hi": 0.8403333333333333,
            "std": 0.011015141094572214,
            "n": 3
          }
        },
        {
          "params": {
            "eta_w": 0.3
          },
          "val_acc": {
            "mean": 0.09700000000000002,
            "lo": 0.09700000000000002,
            "hi": 0.09700000000000002,
            "std": 1.6996749443881478e-17,
            "n": 3
          }
        }
      ]
    },
    "BP_CE": {
      "best": {
        "eta_w": 0.05
      },
      "test_acc": {
        "mean": 0.8986666666666666,
        "lo": 0.8973666666666666,
        "hi": 0.8999666666666667,
        "std": 0.002589079630550797,
        "n": 3
      },
      "noise": {
        "0.0": {
          "mean": 0.8986666666666666,
          "lo": 0.8973666666666666,
          "hi": 0.8999666666666667,
          "std": 0.002589079630550797,
          "n": 3
        },
        "0.25": {
          "mean": 0.8950333333333335,
          "lo": 0.8936000000000001,
          "hi": 0.8964666666666666,
          "std": 0.00257358375292769,
          "n": 3
        },
        "0.5": {
          "mean": 0.8803666666666666,
          "lo": 0.8787333333333333,
          "hi": 0.882,
          "std": 0.003426854728950905,
          "n": 3
        },
        "1.0": {
          "mean": 0.8095,
          "lo": 0.8074,
          "hi": 0.8116,
          "std": 0.004746577714522313,
          "n": 3
        }
      },
      "val_sweep": [
        {
          "params": {
            "eta_w": 0.05
          },
          "val_acc": {
            "mean": 0.892,
            "lo": 0.8903333333333333,
            "hi": 0.8936666666666667,
            "std": 0.0036055512754639926,
            "n": 3
          }
        },
        {
          "params": {
            "eta_w": 0.1
          },
          "val_acc": {
            "mean": 0.8903333333333334,
            "lo": 0.8883333333333333,
            "hi": 0.8923333333333333,
            "std": 0.0037859388972001857,
            "n": 3
          }
        },
        {
          "params": {
            "eta_w": 0.3
          },
          "val_acc": {
            "mean": 0.09466666666666668,
            "lo": 0.09133333333333334,
            "hi": 0.09800000000000002,
            "std": 0.006806859285554052,
            "n": 3
          }
        }
      ]
    }
  }
}