{
  "kind": "continual",
  "n_tasks": 5,
  "epochs_per_task": 3,
  "seeds": [
    0,
    1,
    2
  ],
  "pc": {
    "acc": {
      "mean": 0.5337999999999999,
      "lo": 0.5203333333333333,
      "hi": 0.5472666666666667,
      "std": 0.02638484413446476,
      "n": 3
    },
    "bwt": {
      "mean": -0.11599999999999999,
      "lo": -0.12283333333333335,
      "hi": -0.10916666666666663,
      "std": 0.013280036709286635,
      "n": 3
    }
  },
  "bp": {
    "acc": {
      "mean": 0.5601666666666666,
      "lo": 0.5444999999999999,
      "hi": 0.5758333333333333,
      "std": 0.028232132992980455,
      "n": 3
    },
    "bwt": {
      "mean": -0.2801666666666667,
      "lo": -0.29520833333333335,
      "hi": -0.265125,
      "std": 0.03471093427629592,
      "n": 3
    }
  }
}