{
  "kind": "continual3",
  "n_tasks": 5,
  "epochs_per_task": 3,
  "seeds": [
    0,
    1,
    2
  ],
  "arms": {
    "PC": {
      "final_acc": {
        "mean": 0.5498333333333333,
        "lo": 0.5450999999999999,
        "hi": 0.5545666666666667,
        "std": 0.009373544331432697,
        "n": 3
      },
      "learn_acc": {
        "mean": 0.6512333333333333,
        "lo": 0.6470333333333333,
        "hi": 0.6554333333333334,
        "std": 0.00878312776483036,
        "n": 3
      },
      "bwt": {
        "mean": -0.12675,
        "lo": -0.13445833333333335,
        "hi": -0.11904166666666667,
        "std": 0.021642334093161023,
        "n": 3
      },
      "retained_task0": {
        "mean": 0.41783333333333333,
        "lo": 0.3975,
        "hi": 0.43816666666666665,
        "std": 0.04025336424863559,
        "n": 3
      }
    },
    "BP_MSE": {
      "final_acc": {
        "mean": 0.6285666666666666,
        "lo": 0.6194666666666667,
        "hi": 0.6376666666666666,
        "std": 0.01624325501041372,
        "n": 3
      },
      "learn_acc": {
        "mean": 0.6909000000000001,
        "lo": 0.6886000000000001,
        "hi": 0.6932,
        "std": 0.004592385001282033,
        "n": 3
      },
      "bwt": {
        "mean": -0.07791666666666666,
        "lo": -0.08633333333333333,
        "hi": -0.06949999999999999,
        "std": 0.014650796337855949,
        "n": 3
      },
      "retained_task0": {
        "mean": 0.5418333333333334,
        "lo": 0.5405000000000001,
        "hi": 0.5431666666666667,
        "std": 0.0024664414311581073,
        "n": 3
      }
    },
    "BP_CE": {
      "final_acc": {
        "mean": 0.6073,
        "lo": 0.5827666666666667,
        "hi": 0.6318333333333334,
        "std": 0.061432239093166766,
        "n": 3
      },
      "learn_acc": {
        "mean": 0.7872333333333333,
        "lo": 0.7821000000000001,
        "hi": 0.7923666666666667,
        "std": 0.015001777672440481,
        "n": 3
      },
      "bwt": {
        "mean": -0.22491666666666674,
        "lo": -0.24916666666666676,
        "hi": -0.2006666666666667,
        "std": 0.05817018852757258,
        "n": 3
      },
      "retained_task0": {
        "mean": 0.4716666666666667,
        "lo": 0.42049999999999993,
        "hi": 0.5228333333333334,
        "std": 0.1099026084009535,
        "n": 3
      }
    }
  },
  "headline_defensible": false
}