{
  "kind": "classil",
  "dataset": "mnist",
  "n_tasks": 5,
  "classes_per_task": 2,
  "epochs_per_task": 3,
  "seeds": [
    0,
    1,
    2
  ],
  "tuned_bp_eta_w": {
    "mse": 0.02,
    "ce": 0.1
  },
  "bp_lr_scan": {
    "mse": [
      [
        0.01,
        0.9714441096860968
      ],
      [
        0.02,
        0.976496502942896
      ],
      [
        0.05,
        0.4964718028045379
      ],
      [
        0.1,
        0.4964718028045379
      ],
      [
        0.3,
        0.4964718028045379
      ]
    ],
    "ce": [
      [
        0.01,
        0.9644722179860408
      ],
      [
        0.02,
        0.9745015063375562
      ],
      [
        0.05,
        0.9825851881164608
      ],
      [
        0.1,
        0.9852351197732092
      ],
      [
        0.3,
        0.5174938588370032
      ]
    ]
  },
  "arms": {
    "PC": {
      "final_acc": {
        "mean": 0.7076343511399187,
        "lo": 0.6667320624900887,
        "hi": 0.7485366397897488,
        "std": 0.07462804457639237,
        "n": 3
      },
      "learn_acc": {
        "mean": 0.9738438685695194,
        "lo": 0.9679139349995486,
        "hi": 0.9797738021394905,
        "std": 0.0121745020992742,
        "n": 3
      },
      "bwt": {
        "mean": -0.33276189678700085,
        "lo": -0.3741844498349424,
        "hi": -0.2913393437390593,
        "std": 0.08468568428228238,
        "n": 3
      },
      "retained_task0": {
        "mean": 0.6013288288288288,
        "lo": 0.585490990990991,
        "hi": 0.6171666666666668,
        "std": 0.03054593450732418,
        "n": 3
      },
      "eta_w": 0.05
    },
    "BP_MSE": {
      "final_acc": {
        "mean": 0.7334846447832234,
        "lo": 0.6874632482819457,
        "hi": 0.7795060412845013,
        "std": 0.07988159525064947,
        "n": 3
      },
      "learn_acc": {
        "mean": 0.9753195175627717,
        "lo": 0.9725319569582114,
        "hi": 0.9781070781673321,
        "std": 0.0066754826171557214,
        "n": 3
      },
      "bwt": {
        "mean": -0.3022935909744354,
        "lo": -0.3545675467240526,
        "hi": -0.25001963522481824,
        "std": 0.09347309429011585,
        "n": 3
      },
      "retained_task0": {
        "mean": 0.6201441441441442,
        "lo": 0.6034549549549549,
        "hi": 0.6368333333333334,
        "std": 0.04657848833792391,
        "n": 3
      },
      "eta_w": 0.02
    },
    "BP_CE": {
      "final_acc": {
        "mean": 0.7066628681717705,
        "lo": 0.6871514464528516,
        "hi": 0.7261742898906894,
        "std": 0.05624395479340368,
        "n": 3
      },
      "learn_acc": {
        "mean": 0.9830156034473411,
        "lo": 0.980455798706945,
        "hi": 0.9855754081877373,
        "std": 0.0047558811204530945,
        "n": 3
      },
      "bwt": {
        "mean": -0.34544091909446334,
        "lo": -0.37302995216860707,
        "hi": -0.31785188602031955,
        "std": 0.07005790418004287,
        "n": 3
      },
      "retained_task0": {
        "mean": 0.7160270270270269,
        "lo": 0.6413873873873874,
        "hi": 0.7906666666666666,
        "std": 0.14928678016462513,
        "n": 3
      },
      "eta_w": 0.1
    }
  },
  "headline_defensible": false
}