{
  "kind": "continual3",
  "n_tasks": 2,
  "epochs_per_task": 1,
  "seeds": [
    0
  ],
  "arms": {
    "PC": {
      "final_acc": {
        "mean": 0.12325,
        "lo": 0.12325,
        "hi": 0.12325,
        "std": 0.0,
        "n": 1
      },
      "learn_acc": {
        "mean": 0.1205,
        "lo": 0.1205,
        "hi": 0.1205,
        "std": 0.0,
        "n": 1
      },
      "bwt": {
        "mean": 0.005500000000000005,
        "lo": 0.005500000000000005,
        "hi": 0.005500000000000005,
        "std": 0.0,
        "n": 1
      },
      "retained_task0": {
        "mean": 0.134,
        "lo": 0.134,
        "hi": 0.134,
        "std": 0.0,
        "n": 1
      }
    },
    "BP_MSE": {
      "final_acc": {
        "mean": 0.10075,
        "lo": 0.10075,
        "hi": 0.10075,
        "std": 0.0,
        "n": 1
      },
      "learn_acc": {
        "mean": 0.099,
        "lo": 0.099,
        "hi": 0.099,
        "std": 0.0,
        "n": 1
      },
      "bwt": {
        "mean": 0.003500000000000003,
        "lo": 0.003500000000000003,
        "hi": 0.003500000000000003,
        "std": 0.0,
        "n": 1
      },
      "retained_task0": {
        "mean": 0.106,
        "lo": 0.106,
        "hi": 0.106,
        "std": 0.0,
        "n": 1
      }
    },
    "BP_CE": {
      "final_acc": {
        "mean": 0.28775,
        "lo": 0.28775,
        "hi": 0.28775,
        "std": 0.0,
        "n": 1
      },
      "learn_acc": {
        "mean": 0.29225,
        "lo": 0.29225,
        "hi": 0.29225,
        "std": 0.0,
        "n": 1
      },
      "bwt": {
        "mean": -0.009000000000000008,
        "lo": -0.009000000000000008,
        "hi": -0.009000000000000008,
        "std": 0.0,
        "n": 1
      },
      "retained_task0": {
        "mean": 0.3505,
        "lo": 0.3505,
        "hi": 0.3505,
        "std": 0.0,
        "n": 1
      }
    }
  },
  "headline_defensible": true
}