{
  "kind": "classil",
  "dataset": "fashion",
  "n_tasks": 2,
  "classes_per_task": 5,
  "epochs_per_task": 1,
  "seeds": [
    0
  ],
  "tuned_bp_eta_w": {
    "mse": 0.05,
    "ce": 0.05
  },
  "bp_lr_scan": {
    "mse": [
      [
        0.01,
        0.175
      ],
      [
        0.02,
        0.307
      ],
      [
        0.05,
        0.471
      ],
      [
        0.1,
        0.21775
      ],
      [
        0.3,
        0.19325
      ]
    ],
    "ce": [
      [
        0.01,
        0.26475
      ],
      [
        0.02,
        0.471
      ],
      [
        0.05,
        0.6775
      ],
      [
        0.1,
        0.56075
      ],
      [
        0.3,
        0.40575
      ]
    ]
  },
  "arms": {
    "PC": {
      "final_acc": {
        "mean": 0.42100000000000004,
        "lo": 0.42100000000000004,
        "hi": 0.42100000000000004,
        "std": 0.0,
        "n": 1
      },
      "learn_acc": {
        "mean": 0.402,
        "lo": 0.402,
        "hi": 0.402,
        "std": 0.0,
        "n": 1
      },
      "bwt": {
        "mean": 0.03799999999999998,
        "lo": 0.03799999999999998,
        "hi": 0.03799999999999998,
        "std": 0.0,
        "n": 1
      },
      "retained_task0": {
        "mean": 0.377,
        "lo": 0.377,
        "hi": 0.377,
        "std": 0.0,
        "n": 1
      },
      "eta_w": 0.05
    },
    "BP_MSE": {
      "final_acc": {
        "mean": 0.428,
        "lo": 0.428,
        "hi": 0.428,
        "std": 0.0,
        "n": 1
      },
      "learn_acc": {
        "mean": 0.471,
        "lo": 0.471,
        "hi": 0.471,
        "std": 0.0,
        "n": 1
      },
      "bwt": {
        "mean": -0.08600000000000002,
        "lo": -0.08600000000000002,
        "hi": -0.08600000000000002,
        "std": 0.0,
        "n": 1
      },
      "retained_task0": {
        "mean": 0.378,
        "lo": 0.378,
        "hi": 0.378,
        "std": 0.0,
        "n": 1
      },
      "eta_w": 0.05
    },
    "BP_CE": {
      "final_acc": {
        "mean": 0.5505,
        "lo": 0.5505,
        "hi": 0.5505,
        "std": 0.0,
        "n": 1
      },
      "learn_acc": {
        "mean": 0.6775,
        "lo": 0.6775,
        "hi": 0.6775,
        "std": 0.0,
        "n": 1
      },
      "bwt": {
        "mean": -0.254,
        "lo": -0.254,
        "hi": -0.254,
        "std": 0.0,
        "n": 1
      },
      "retained_task0": {
        "mean": 0.481,
        "lo": 0.481,
        "hi": 0.481,
        "std": 0.0,
        "n": 1
      },
      "eta_w": 0.05
    }
  },
  "headline_defensible": false
}