{
  "kind": "compare",
  "T": 40,
  "epochs": 8,
  "seeds": [
    0,
    1,
    2
  ],
  "limit_train": 10000,
  "duration_s": 451.38815331459045,
  "pc": {
    "best_lr": 0.02,
    "acc": {
      "mean": 0.7766000000000001,
      "lo": 0.7681999999999999,
      "hi": 0.785,
      "std": 0.017973313550928755,
      "n": 3
    },
    "noise": {
      "0.0": {
        "mean": 0.7766000000000001,
        "lo": 0.7681999999999999,
        "hi": 0.785,
        "std": 0.017973313550928755,
        "n": 3
      },
      "0.25": {
        "mean": 0.7470666666666667,
        "lo": 0.7393666666666666,
        "hi": 0.7547666666666667,
        "std": 0.019938488742463272,
        "n": 3
      },
      "0.5": {
        "mean": 0.6403333333333333,
        "lo": 0.6358666666666667,
        "hi": 0.6448,
        "std": 0.011040984255641957,
        "n": 3
      },
      "1.0": {
        "mean": 0.3443333333333333,
        "lo": 0.3404,
        "hi": 0.34826666666666667,
        "std": 0.008500784277543662,
        "n": 3
      }
    },
    "steps2conv": {
      "mean": 30.0,
      "lo": 30.0,
      "hi": 30.0,
      "std": 0.0,
      "n": 3
    },
    "sweep": [
      {
        "lr": 0.005,
        "acc": {
          "mean": 0.6981999999999999,
          "lo": 0.6932666666666667,
          "hi": 0.7031333333333333,
          "std": 0.012338152211737419,
          "n": 3
        }
      },
      {
        "lr": 0.01,
        "acc": {
          "mean": 0.7597333333333335,
          "lo": 0.7558666666666666,
          "hi": 0.7636,
          "std": 0.0067855238068503755,
          "n": 3
        }
      },
      {
        "lr": 0.02,
        "acc": {
          "mean": 0.7766000000000001,
          "lo": 0.7681999999999999,
          "hi": 0.785,
          "std": 0.017973313550928755,
          "n": 3
        }
      },
      {
        "lr": 0.05,
        "acc": {
          "mean": 0.09800000000000002,
          "lo": 0.09800000000000002,
          "hi": 0.09800000000000002,
          "std": 1.6996749443881478e-17,
          "n": 3
        }
      }
    ]
  },
  "bp": {
    "best_lr": 0.05,
    "acc": {
      "mean": 0.8834666666666667,
      "lo": 0.8759333333333332,
      "hi": 0.891,
      "std": 0.016743456433285644,
      "n": 3
    },
    "noise": {
      "0.0": {
        "mean": 0.8834666666666667,
        "lo": 0.8759333333333332,
        "hi": 0.891,
        "std": 0.016743456433285644,
        "n": 3
      },
      "0.25": {
        "mean": 0.8801333333333333,
        "lo": 0.8724999999999999,
        "hi": 0.8877666666666667,
        "std": 0.017208234462992838,
        "n": 3
      },
      "0.5": {
        "mean": 0.866,
        "lo": 0.8576333333333332,
        "hi": 0.8743666666666666,
        "std": 0.018376343488300362,
        "n": 3
      },
      "1.0": {
        "mean": 0.7906666666666666,
        "lo": 0.7804666666666668,
        "hi": 0.8008666666666667,
        "std": 0.021273065912870526,
        "n": 3
      }
    },
    "sweep": [
      {
        "lr": 0.05,
        "acc": {
          "mean": 0.8834666666666667,
          "lo": 0.8759333333333332,
          "hi": 0.891,
          "std": 0.016743456433285644,
          "n": 3
        }
      },
      {
        "lr": 0.1,
        "acc": {
          "mean": 0.8462666666666667,
          "lo": 0.8208666666666667,
          "hi": 0.8716666666666667,
          "std": 0.05271445089663109,
          "n": 3
        }
      },
      {
        "lr": 0.3,
        "acc": {
          "mean": 0.1034,
          "lo": 0.0992,
          "hi": 0.10759999999999999,
          "std": 0.009110982383914484,
          "n": 3
        }
      },
      {
        "lr": 0.5,
        "acc": {
          "mean": 0.0988,
          "lo": 0.0978,
          "hi": 0.0998,
          "std": 0.0019287301521985938,
          "n": 3
        }
      }
    ]
  }
}