{
  "kind": "classil",
  "dataset": "fashion",
  "n_tasks": 2,
  "classes_per_task": 5,
  "epochs_per_task": 5,
  "seeds": [
    0,
    1,
    2
  ],
  "tuned_bp_eta_w": {
    "mse": 0.05,
    "ce": 0.1
  },
  "bp_lr_scan": {
    "mse": [
      [
        0.01,
        0.80175
      ],
      [
        0.02,
        0.8325
      ],
      [
        0.05,
        0.857
      ],
      [
        0.1,
        0.8514999999999999
      ],
      [
        0.3,
        0.19724999999999998
      ]
    ],
    "ce": [
      [
        0.01,
        0.833
      ],
      [
        0.02,
        0.853
      ],
      [
        0.05,
        0.871
      ],
      [
        0.1,
        0.87675
      ],
      [
        0.3,
        0.8712500000000001
      ]
    ]
  },
  "arms": {
    "PC": {
      "final_acc": {
        "mean": 0.6086666666666667,
        "lo": 0.6028333333333333,
        "hi": 0.6145,
        "std": 0.011622535581074093,
        "n": 3
      },
      "learn_acc": {
        "mean": 0.8428333333333334,
        "lo": 0.8361666666666666,
        "hi": 0.8494999999999999,
        "std": 0.012003471720020588,
        "n": 3
      },
      "bwt": {
        "mean": -0.46833333333333343,
        "lo": -0.48566666666666675,
        "hi": -0.45100000000000007,
        "std": 0.04239496825489245,
        "n": 3
      },
      "retained_task0": {
        "mean": 0.37766666666666665,
        "lo": 0.3426666666666667,
        "hi": 0.4126666666666667,
        "std": 0.06607823645750038,
        "n": 3
      },
      "eta_w": 0.05
    },
    "BP_MSE": {
      "final_acc": {
        "mean": 0.6133333333333333,
        "lo": 0.608,
        "hi": 0.6186666666666666,
        "std": 0.009865765724632504,
        "n": 3
      },
      "learn_acc": {
        "mean": 0.8613333333333334,
        "lo": 0.85975,
        "hi": 0.8629166666666667,
        "std": 0.0041407527496016595,
        "n": 3
      },
      "bwt": {
        "mean": -0.496,
        "lo": -0.5043333333333334,
        "hi": -0.4876666666666667,
        "std": 0.022787057730211707,
        "n": 3
      },
      "retained_task0": {
        "mean": 0.37283333333333335,
        "lo": 0.3396666666666666,
        "hi": 0.40599999999999997,
        "std": 0.06275414992917468,
        "n": 3
      },
      "eta_w": 0.05
    },
    "BP_CE": {
      "final_acc": {
        "mean": 0.5935,
        "lo": 0.5791666666666666,
        "hi": 0.6078333333333333,
        "std": 0.029016159290988202,
        "n": 3
      },
      "learn_acc": {
        "mean": 0.8784166666666667,
        "lo": 0.8760833333333333,
        "hi": 0.8807499999999999,
        "std": 0.004725815626252655,
        "n": 3
      },
      "bwt": {
        "mean": -0.5698333333333334,
        "lo": -0.5971666666666667,
        "hi": -0.5425000000000001,
        "std": 0.05064665174849498,
        "n": 3
      },
      "retained_task0": {
        "mean": 0.3258333333333333,
        "lo": 0.30383333333333334,
        "hi": 0.34783333333333327,
        "std": 0.04217918127860395,
        "n": 3
      },
      "eta_w": 0.1
    }
  },
  "headline_defensible": false
}