{
  "kind": "smalldata",
  "epochs": 15,
  "seeds": [
    0,
    1,
    2
  ],
  "T": 40,
  "rows": [
    {
      "n": 100,
      "pc_acc": {
        "mean": 0.3457333333333333,
        "lo": 0.3203666666666667,
        "hi": 0.37110000000000004,
        "std": 0.06625710024845136,
        "n": 3
      },
      "bp_acc": {
        "mean": 0.6024333333333334,
        "lo": 0.5991333333333333,
        "hi": 0.6057333333333333,
        "std": 0.006789943544193386,
        "n": 3
      }
    },
    {
      "n": 1000,
      "pc_acc": {
        "mean": 0.6318999999999999,
        "lo": 0.6225666666666667,
        "hi": 0.6412333333333333,
        "std": 0.019455590456215904,
        "n": 3
      },
      "bp_acc": {
        "mean": 0.8325999999999999,
        "lo": 0.8279,
        "hi": 0.8372999999999999,
        "std": 0.009585927185202268,
        "n": 3
      }
    },
    {
      "n": 10000,
      "pc_acc": {
        "mean": 0.7837000000000001,
        "lo": 0.7731666666666667,
        "hi": 0.7942333333333332,
        "std": 0.030260039656285976,
        "n": 3
      },
      "bp_acc": {
        "mean": 0.8768333333333334,
        "lo": 0.8391333333333334,
        "hi": 0.9145333333333333,
        "std": 0.06550132314185213,
        "n": 3
      }
    }
  ]
}