{
  "kind": "settling",
  "epochs": 8,
  "seeds": [
    0,
    1,
    2
  ],
  "rows": [
    {
      "T": 20,
      "acc": {
        "mean": 0.7751333333333333,
        "lo": 0.7678333333333334,
        "hi": 0.7824333333333332,
        "std": 0.015684493403783646,
        "n": 3
      },
      "steps2conv": {
        "mean": 30.0,
        "lo": 30.0,
        "hi": 30.0,
        "std": 0.0,
        "n": 3
      },
      "noise": {
        "0.0": {
          "mean": 0.7751333333333333,
          "lo": 0.7678333333333334,
          "hi": 0.7824333333333332,
          "std": 0.015684493403783646,
          "n": 3
        },
        "0.25": {
          "mean": 0.7468666666666667,
          "lo": 0.7394333333333334,
          "hi": 0.7543000000000001,
          "std": 0.01662117123831329,
          "n": 3
        },
        "0.5": {
          "mean": 0.6439333333333334,
          "lo": 0.6400333333333333,
          "hi": 0.6478333333333334,
          "std": 0.008784266237616741,
          "n": 3
        },
        "1.0": {
          "mean": 0.3517333333333334,
          "lo": 0.34913333333333335,
          "hi": 0.3543333333333334,
          "std": 0.007551379564909537,
          "n": 3
        }
      }
    },
    {
      "T": 40,
      "acc": {
        "mean": 0.7766000000000001,
        "lo": 0.7681999999999999,
        "hi": 0.785,
        "std": 0.017973313550928755,
        "n": 3
      },
      "steps2conv": {
        "mean": 30.0,
        "lo": 30.0,
        "hi": 30.0,
        "std": 0.0,
        "n": 3
      },
      "noise": {
        "0.0": {
          "mean": 0.7766000000000001,
          "lo": 0.7681999999999999,
          "hi": 0.785,
          "std": 0.017973313550928755,
          "n": 3
        },
        "0.25": {
          "mean": 0.7470666666666667,
          "lo": 0.7393666666666666,
          "hi": 0.7547666666666667,
          "std": 0.019938488742463272,
          "n": 3
        },
        "0.5": {
          "mean": 0.6403333333333333,
          "lo": 0.6358666666666667,
          "hi": 0.6448,
          "std": 0.011040984255641957,
          "n": 3
        },
        "1.0": {
          "mean": 0.3443333333333333,
          "lo": 0.3404,
          "hi": 0.34826666666666667,
          "std": 0.008500784277543662,
          "n": 3
        }
      }
    },
    {
      "T": 80,
      "acc": {
        "mean": 0.7780333333333332,
        "lo": 0.7680333333333333,
        "hi": 0.7880333333333334,
        "std": 0.0186172858745128,
        "n": 3
      },
      "steps2conv": {
        "mean": 30.0,
        "lo": 30.0,
        "hi": 30.0,
        "std": 0.0,
        "n": 3
      },
      "noise": {
        "0.0": {
          "mean": 0.7780333333333332,
          "lo": 0.7680333333333333,
          "hi": 0.7880333333333334,
          "std": 0.0186172858745128,
          "n": 3
        },
        "0.25": {
          "mean": 0.7492666666666666,
          "lo": 0.7395666666666666,
          "hi": 0.7589666666666667,
          "std": 0.02092613995301888,
          "n": 3
        },
        "0.5": {
          "mean": 0.639,
          "lo": 0.6343,
          "hi": 0.6437,
          "std": 0.009021640649017242,
          "n": 3
        },
        "1.0": {
          "mean": 0.34193333333333337,
          "lo": 0.33836666666666665,
          "hi": 0.3455,
          "std": 0.008730597535869649,
          "n": 3
        }
      }
    }
  ]
}